-- -------------------------------------------------------------
-- TablePlus 6.1.2(568)
--
-- https://tableplus.com/
--
-- Database: school_db_dev
-- Generation Time: 2568-06-01 15:29:46.3670
-- -------------------------------------------------------------


INSERT INTO "public"."authentication_permission" ("id", "name", "code") VALUES
(1, 'View Data Mapping', 'view_data_mapping'),
(2, 'Edit Data Mapping', 'edit_data_mapping'),
(3, 'View Governance document', 'view_governance_document'),
(4, 'View Employee Awareness', 'view_employee_awareness'),
(5, 'View Data Processors', 'view_data_processors'),
(6, 'View Subject Access Request', 'view_subject_access_request'),
(7, 'View Data Breach Register', 'view_data_breach_register'),
(8, 'Edit Governance document', 'edit_governance_document'),
(9, 'Edit Employee Awareness', 'edit_employee_awareness'),
(10, 'Edit Data Processors', 'edit_data_processors'),
(11, 'Edit Subject Access Request', 'edit_subject_access_request'),
(12, 'Edit Data Breach Register', 'edit_data_breach_register'),
(13, 'Manage Access', 'manage_access');

INSERT INTO "public"."authentication_role" ("id", "name") VALUES
(1, 'Viewer'),
(2, 'Editor'),
(3, 'Admin'),
(4, 'Viewer Data Mapping'),
(5, 'Editor Data Mapping');

INSERT INTO "public"."authentication_role_parents" ("id", "from_role_id", "to_role_id") VALUES
(1, 2, 1),
(2, 3, 2),
(3, 5, 4);

INSERT INTO "public"."authentication_role_permissions" ("id", "role_id", "permission_id") VALUES
(1, 1, 1),
(2, 1, 3),
(3, 1, 4),
(4, 1, 5),
(5, 1, 6),
(6, 1, 7),
(7, 2, 2),
(8, 2, 8),
(9, 2, 9),
(10, 2, 10),
(11, 2, 11),
(12, 2, 12),
(13, 3, 13),
(14, 4, 1),
(15, 5, 2);

INSERT INTO "public"."authentication_user" ("id", "password", "last_login", "email", "is_superuser") VALUES
(2, 'pbkdf2_sha256$1000000$d3obpxZPjjNvNrmqrXFGjn$hbAalGezXS+mqrd6PnY2j4vPWWwGnOyI3JgRoZ+l1sA=', NULL, 'superuser@email.com', 't'),
(5, 'pbkdf2_sha256$1000000$S6On428IhMuAC7yCmc1uMc$PSXvUlEGXwICtWlikDHTSt95Xz9UrsGr88WVJy5MwZw=', NULL, 'viewer@email.com', 'f'),
(6, 'pbkdf2_sha256$1000000$qsRyjvZgRAxzoAwFPcsVif$DwuKTmCYUHNckBFpOl+kwVVsoMYVS7PyApqxHhgcymM=', NULL, 'editor@email.com', 'f'),
(7, 'pbkdf2_sha256$1000000$ymhR9EXQqV9U03vy1PcHKE$8eJQF5bCN7s4juIcFMUPr2Vlh4dj7FOf0uDjLtSrbkM=', NULL, 'admin@email.com', 'f'),
(8, 'pbkdf2_sha256$1000000$dyO0CGXzXnWZAAAkB0xiyh$JuAsTzPHyEtemE4xGspFrqLXfZWU38tN61I+oZEIsQc=', NULL, 'viewer_data_mapping@email.com', 'f'),
(9, 'pbkdf2_sha256$1000000$5GAjmhUEWq5mHEYG7UCwC8$i1xUkw+Ut1sFO+RZxzX1F7Hnl96ldmQi1ua4sqZa+H8=', NULL, 'editor_data_mapping@email.com', 'f');

INSERT INTO "public"."authentication_user_roles" ("id", "user_id", "role_id") VALUES
(1, 5, 1),
(2, 6, 2),
(3, 7, 3),
(4, 8, 4),
(5, 9, 5);

INSERT INTO "public"."data_mapping_datasubjecttype" ("id", "name", "created_at", "updated_at", "deleted_at") VALUES
(1, 'Employees', '2025-05-31 12:43:36.505872+00', '2025-05-31 12:43:36.505927+00', NULL),
(2, 'Faculty Staff', '2025-05-31 12:44:24.047298+00', '2025-05-31 12:44:24.047358+00', NULL),
(3, 'Students', '2025-05-31 12:44:37.80828+00', '2025-05-31 12:44:37.808321+00', NULL),
(4, 'Test Update', '2025-05-31 12:44:45.84283+00', '2025-05-31 12:45:53.063849+00', '2025-06-01 03:23:30.016719+00');

INSERT INTO "public"."data_mapping_department" ("id", "name", "created_at", "updated_at", "deleted_at") VALUES
(1, 'Human Resources', '2025-05-31 12:55:23.485818+00', '2025-05-31 12:55:23.485869+00', NULL),
(2, 'IT/IS', '2025-05-31 12:55:36.615906+00', '2025-05-31 12:55:36.615946+00', NULL),
(3, 'Admission', '2025-05-31 12:55:42.811769+00', '2025-05-31 12:55:42.811807+00', NULL),
(4, 'Marketing', '2025-05-31 12:55:48.565011+00', '2025-05-31 12:55:48.565067+00', NULL),
(5, 'Test Update', '2025-05-31 12:55:52.58691+00', '2025-05-31 12:56:53.633691+00', NULL);

INSERT INTO "public"."data_mapping_title" ("id", "name", "description", "created_at", "updated_at", "deleted_at", "department_id") VALUES
(2, 'Social 101', 'Description for Social 101', '2025-05-31 13:12:17.024977+00', '2025-06-01 04:52:52.73583+00', NULL, 1),
(3, 'Social 101', 'Description for Social 101', '2025-05-31 13:21:19.518061+00', '2025-05-31 13:21:19.518087+00', NULL, 1),
(4, 'Social 102', 'Description for Social 101', '2025-05-31 13:24:02.998928+00', '2025-05-31 13:24:02.998975+00', NULL, 1),
(9, 'Social 102', 'Description for Social 101', '2025-05-31 13:45:59.810959+00', '2025-05-31 13:45:59.810983+00', NULL, 1),
(10, 'Subject ABC', 'Description for Subject ABC', '2025-05-31 14:36:50.546632+00', '2025-06-01 04:19:18.871798+00', NULL, 2),
(11, 'Subject DEF', 'Description for Subject DEF', '2025-05-31 14:36:50.565859+00', '2025-06-01 08:13:30.565381+00', '2025-06-01 08:13:30.565244+00', 1),
(12, 'Subject ABC', 'Description for Subject ABC', '2025-05-31 15:42:10.969315+00', '2025-05-31 15:42:10.969372+00', NULL, 1),
(13, 'Subject DEF', 'Description for Subject DEF', '2025-05-31 15:42:10.98496+00', '2025-05-31 15:42:10.98501+00', NULL, 1),
(14, 'Subject ABC', 'Description for Subject ABC', '2025-05-31 15:42:12.446658+00', '2025-06-01 06:10:34.2545+00', NULL, 1),
(15, 'Subject DEF', 'Description for Subject DEF', '2025-05-31 15:42:12.455823+00', '2025-06-01 06:08:42.398592+00', '2025-06-01 06:08:42.3985+00', 1),
(16, 'Subject ABC', 'Description for Subject ABC', '2025-05-31 15:42:13.072624+00', '2025-05-31 15:42:13.072648+00', NULL, 1),
(17, 'Subject DEF', 'Description for Subject DEF', '2025-05-31 15:42:13.082085+00', '2025-05-31 15:42:13.082123+00', NULL, 1),
(18, 'Subject ABC', 'Description for Subject ABC', '2025-05-31 15:42:14.151562+00', '2025-05-31 15:42:14.151596+00', NULL, 1),
(19, 'Subject DEF', 'Description for Subject DEF', '2025-05-31 15:42:14.158707+00', '2025-05-31 15:42:14.158734+00', NULL, 1),
(20, 'Subject ABC', 'Description for Subject ABC', '2025-05-31 15:42:14.555993+00', '2025-05-31 15:42:14.556019+00', NULL, 1),
(21, 'Subject DEF', 'Description for Subject DEF', '2025-05-31 15:42:14.566663+00', '2025-05-31 15:42:14.566701+00', NULL, 1),
(22, 'Subject ABC', 'Description for Subject ABC', '2025-05-31 15:42:15.019291+00', '2025-05-31 15:42:15.019317+00', NULL, 1),
(23, 'Subject DEF', 'Description for Subject DEF', '2025-05-31 15:42:15.026252+00', '2025-05-31 15:42:15.026282+00', NULL, 1),
(24, 'Subject ABC', 'Description for Subject ABC', '2025-05-31 15:42:16.034845+00', '2025-06-01 06:08:22.532556+00', '2025-06-01 06:08:22.532362+00', 1),
(25, 'Subject DEF', 'Description for Subject DEF', '2025-05-31 15:42:16.044646+00', '2025-05-31 15:42:16.044681+00', NULL, 1),
(26, 'Subject ABC', 'Description for Subject ABC', '2025-05-31 15:42:16.721202+00', '2025-05-31 15:42:16.721244+00', NULL, 1),
(27, 'Subject DEF', 'Description for Subject DEF', '2025-05-31 15:42:16.730853+00', '2025-06-01 06:09:16.575104+00', NULL, 1),
(28, 'Subject ABC', 'Description for Subject ABC', '2025-05-31 15:42:17.128446+00', '2025-05-31 15:42:17.128465+00', NULL, 1),
(29, 'Subject DEF', 'Description for Subject DEF', '2025-05-31 15:42:17.136906+00', '2025-05-31 15:42:17.136927+00', NULL, 1),
(30, 'Subject ABC', 'Description for Subject ABC', '2025-05-31 15:42:17.609717+00', '2025-05-31 15:42:17.60975+00', NULL, 1),
(31, 'Subject DEF', 'Description for Subject DEF', '2025-05-31 15:42:17.6212+00', '2025-05-31 15:42:17.621226+00', NULL, 1),
(32, 'Subject ABC', 'Description for Subject ABC', '2025-05-31 15:42:17.93953+00', '2025-05-31 15:42:17.939555+00', NULL, 1),
(33, 'Subject DEF', 'Description for Subject DEF', '2025-05-31 15:42:17.947409+00', '2025-05-31 15:42:17.94744+00', NULL, 1),
(34, 'Subject ABC', 'Description for Subject ABC', '2025-05-31 15:42:18.243535+00', '2025-05-31 15:42:18.243566+00', NULL, 1),
(35, 'Subject DEF', 'Description for Subject DEF', '2025-05-31 15:42:18.252303+00', '2025-05-31 15:42:18.252337+00', NULL, 1),
(36, 'Subject ABC', 'Description for Subject ABC', '2025-05-31 15:42:19.389373+00', '2025-05-31 15:42:19.389395+00', NULL, 1),
(37, 'Subject DEF', 'Description for Subject DEF', '2025-05-31 15:42:19.398811+00', '2025-05-31 15:42:19.398848+00', NULL, 1),
(38, 'Subject ABC', 'Description for Subject ABC', '2025-05-31 15:42:19.77772+00', '2025-05-31 15:42:19.777752+00', NULL, 1),
(39, 'Subject DEF', 'Description for Subject DEF', '2025-05-31 15:42:19.787403+00', '2025-05-31 15:42:19.787441+00', NULL, 1),
(40, 'Subject ABC', 'Description for Subject ABC', '2025-05-31 15:42:20.955815+00', '2025-05-31 15:42:20.955835+00', NULL, 1),
(41, 'Subject DEF', 'Description for Subject DEF', '2025-05-31 15:42:20.962814+00', '2025-05-31 15:42:20.962843+00', NULL, 1),
(42, 'Subject ABC', 'Description for Subject ABC', '2025-05-31 15:42:21.331895+00', '2025-05-31 15:42:21.331929+00', NULL, 1),
(43, 'Subject DEF', 'Description for Subject DEF', '2025-05-31 15:42:21.340021+00', '2025-05-31 15:42:21.340047+00', NULL, 1),
(44, 'Subject ABC', 'Description for Subject ABC', '2025-05-31 15:42:22.820319+00', '2025-05-31 15:42:22.820352+00', NULL, 1),
(45, 'Subject DEF', 'Description for Subject DEF', '2025-05-31 15:42:22.82805+00', '2025-05-31 15:42:22.828079+00', NULL, 1),
(46, 'Subject ABC', 'Description for Subject ABC', '2025-05-31 15:42:31.265105+00', '2025-05-31 15:42:31.265142+00', NULL, 1),
(47, 'Subject DEF', 'Description for Subject DEF', '2025-05-31 15:42:31.277609+00', '2025-05-31 15:42:31.277644+00', NULL, 1),
(48, 'Subject ABC', 'Description for Subject ABC', '2025-05-31 15:42:31.842974+00', '2025-05-31 15:42:31.842988+00', NULL, 1),
(49, 'Subject DEF', 'Description for Subject DEF', '2025-05-31 15:42:31.848995+00', '2025-05-31 15:42:31.849001+00', NULL, 1),
(50, 'Subject ABC', 'Description for Subject ABC', '2025-05-31 15:42:32.246864+00', '2025-05-31 15:42:32.246903+00', NULL, 1),
(51, 'Subject DEF', 'Description for Subject DEF', '2025-05-31 15:42:32.255702+00', '2025-05-31 15:42:32.255721+00', NULL, 1),
(52, 'Subject ABC', 'Description for Subject ABC', '2025-05-31 15:42:33.692544+00', '2025-05-31 15:42:33.692573+00', NULL, 1),
(53, 'Subject DEF', 'Description for Subject DEF', '2025-05-31 15:42:33.703157+00', '2025-05-31 15:42:33.70318+00', NULL, 1),
(54, 'Subject ABC', 'Description for Subject ABC', '2025-05-31 15:42:34.113256+00', '2025-05-31 15:42:34.113297+00', NULL, 1),
(55, 'Subject DEF', 'Description for Subject DEF', '2025-05-31 15:42:34.120526+00', '2025-05-31 15:42:34.12056+00', NULL, 1),
(56, 'Subject ABC', 'Description for Subject ABC', '2025-05-31 15:42:34.65271+00', '2025-05-31 15:42:34.652742+00', NULL, 1),
(57, 'Subject DEF', 'Description for Subject DEF', '2025-05-31 15:42:34.661965+00', '2025-05-31 15:42:34.661996+00', NULL, 1),
(58, 'Subject ABC', 'Description for Subject ABC', '2025-05-31 15:42:35.041325+00', '2025-05-31 15:42:35.041344+00', NULL, 1),
(59, 'Subject DEF', 'Description for Subject DEF', '2025-05-31 15:42:35.047599+00', '2025-05-31 15:42:35.047612+00', NULL, 1),
(60, 'Subject ABC', 'Description for Subject ABC', '2025-05-31 15:42:36.388449+00', '2025-05-31 15:42:36.38847+00', NULL, 1),
(61, 'Subject DEF', 'Description for Subject DEF', '2025-05-31 15:42:36.39687+00', '2025-05-31 15:42:36.396903+00', NULL, 1),
(62, 'Subject ABC', 'Description for Subject ABC', '2025-05-31 15:42:36.786428+00', '2025-05-31 15:42:36.786453+00', NULL, 1),
(63, 'Subject DEF', 'Description for Subject DEF', '2025-05-31 15:42:36.794393+00', '2025-05-31 15:42:36.794422+00', NULL, 1),
(64, 'Subject ABC', 'Description for Subject ABC', '2025-05-31 15:42:37.940358+00', '2025-05-31 15:42:37.940386+00', NULL, 1),
(65, 'Subject DEF', 'Description for Subject DEF', '2025-05-31 15:42:37.952295+00', '2025-05-31 15:42:37.952331+00', NULL, 1),
(66, 'Subject ABC', 'Description for Subject ABC', '2025-05-31 15:42:38.341253+00', '2025-05-31 15:42:38.341283+00', NULL, 1),
(67, 'Subject DEF', 'Description for Subject DEF', '2025-05-31 15:42:38.3502+00', '2025-05-31 15:42:38.350227+00', NULL, 1),
(68, 'Subject ABC', 'Description for Subject ABC', '2025-05-31 15:42:38.921851+00', '2025-05-31 15:42:38.921865+00', NULL, 1),
(69, 'Subject DEF', 'Description for Subject DEF', '2025-05-31 15:42:38.932347+00', '2025-05-31 15:42:38.932361+00', NULL, 1),
(70, 'Subject ABC', 'Description for Subject ABC', '2025-05-31 15:42:39.299952+00', '2025-05-31 15:42:39.299984+00', NULL, 1),
(71, 'Subject DEF', 'Description for Subject DEF', '2025-05-31 15:42:39.30838+00', '2025-05-31 15:42:39.308413+00', NULL, 1),
(72, 'Subject ABC', 'Description for Subject ABC', '2025-05-31 15:42:40.658501+00', '2025-05-31 15:42:40.658525+00', NULL, 1),
(73, 'Subject DEF', 'Description for Subject DEF', '2025-05-31 15:42:40.668864+00', '2025-05-31 15:42:40.6689+00', NULL, 1),
(74, 'Subject ABC', 'Description for Subject ABC', '2025-05-31 15:42:41.01563+00', '2025-05-31 15:42:41.015659+00', NULL, 1),
(75, 'Subject DEF', 'Description for Subject DEF', '2025-05-31 15:42:41.023047+00', '2025-05-31 15:42:41.023093+00', NULL, 1),
(76, 'Subject ABC', 'Description for Subject ABC', '2025-06-01 02:12:25.929443+00', '2025-06-01 02:12:25.929506+00', NULL, 4),
(77, 'Subject DEF', 'Description for Subject DEF', '2025-06-01 02:12:25.943063+00', '2025-06-01 02:12:25.943096+00', NULL, 3),
(78, 'Subject ABC', 'Description for Subject ABC', '2025-06-01 02:13:06.944154+00', '2025-06-01 02:13:06.94419+00', NULL, 4),
(79, 'Subject DEF', 'Description for Subject DEF', '2025-06-01 02:13:06.954778+00', '2025-06-01 04:06:16.983221+00', NULL, 3),
(80, 'Subject ABC', 'Description for Subject ABC', '2025-06-01 02:13:07.695576+00', '2025-06-01 02:13:07.695609+00', NULL, 4),
(81, 'Subject DEF', 'Description for Subject DEF', '2025-06-01 02:13:07.706144+00', '2025-06-01 02:13:07.706181+00', NULL, 3),
(82, 'Subject ABC', 'Description for Subject ABC', '2025-06-01 02:13:08.311706+00', '2025-06-01 02:13:08.311848+00', NULL, 4),
(83, 'Subject DEF', 'Description for Subject DEF', '2025-06-01 02:13:08.320648+00', '2025-06-01 02:13:08.320671+00', NULL, 3),
(84, 'Subject ABC', 'Description for Subject ABC', '2025-06-01 02:13:10.471822+00', '2025-06-01 02:13:10.471855+00', NULL, 4),
(85, 'Subject DEF', 'Description for Subject DEF', '2025-06-01 02:13:10.481108+00', '2025-06-01 02:13:10.481135+00', NULL, 3),
(86, 'Subject ABC', 'Description for Subject ABC', '2025-06-01 02:13:11.682854+00', '2025-06-01 02:13:11.682883+00', NULL, 4),
(87, 'Subject DEF', 'Description for Subject DEF', '2025-06-01 02:13:11.693953+00', '2025-06-01 02:13:11.693997+00', NULL, 3),
(88, 'Subject ABC', 'Description for Subject ABC', '2025-06-01 02:13:30.633312+00', '2025-06-01 02:13:30.633345+00', NULL, 2),
(89, 'Subject DEF', 'Description for Subject DEF', '2025-06-01 02:13:30.641808+00', '2025-06-01 02:13:30.64184+00', NULL, 2),
(90, 'Subject ABC', 'Description for Subject ABC', '2025-06-01 02:13:31.350832+00', '2025-06-01 02:13:31.350904+00', NULL, 2),
(91, 'Subject DEF', 'Description for Subject DEF', '2025-06-01 02:13:31.359391+00', '2025-06-01 02:13:31.359423+00', NULL, 2),
(92, 'Subject ABC', 'Description for Subject ABC', '2025-06-01 02:13:31.926189+00', '2025-06-01 02:13:31.926219+00', NULL, 2),
(93, 'Subject DEF', 'Description for Subject DEF', '2025-06-01 02:13:31.935922+00', '2025-06-01 02:13:31.935946+00', NULL, 2),
(94, 'test create', 'create from frontend', '2025-06-01 04:10:52.16921+00', '2025-06-01 04:10:52.169237+00', NULL, 4),
(95, 'test create 2', 'test create from frontend', '2025-06-01 04:18:23.175398+00', '2025-06-01 04:36:24.376274+00', '2025-06-01 04:36:24.376182+00', 2),
(96, 'test create 3', 'test create 3 from frontend', '2025-06-01 04:51:33.859158+00', '2025-06-01 04:53:34.750221+00', '2025-06-01 04:53:34.749999+00', 2),
(97, 'Social 101', 'Description for Social 101', '2025-06-01 07:51:00.445404+00', '2025-06-01 07:51:00.445448+00', NULL, 1),
(98, 'Social 101', 'Description for Social 101', '2025-06-01 07:51:00.457785+00', '2025-06-01 07:51:00.457805+00', NULL, 1),
(99, 'Social 102', 'Description for Social 101', '2025-06-01 07:51:00.463063+00', '2025-06-01 07:51:00.46308+00', NULL, 1),
(100, 'Social 102', 'Description for Social 101', '2025-06-01 07:51:00.467577+00', '2025-06-01 07:51:00.46759+00', NULL, 1),
(101, 'Subject ABC', 'Description for Subject ABC', '2025-06-01 07:51:00.47208+00', '2025-06-01 07:51:00.472096+00', NULL, 2),
(102, 'Subject DEF', 'Description for Subject DEF', '2025-06-01 07:51:00.476837+00', '2025-06-01 07:51:00.476851+00', NULL, 1),
(103, 'Subject ABC', 'Description for Subject ABC', '2025-06-01 07:51:00.481744+00', '2025-06-01 07:51:00.481755+00', NULL, 1),
(104, 'Subject DEF', 'Description for Subject DEF', '2025-06-01 07:51:00.486573+00', '2025-06-01 07:51:00.486588+00', NULL, 1),
(105, 'Subject ABC', 'Description for Subject ABC', '2025-06-01 07:51:00.50778+00', '2025-06-01 07:51:00.507815+00', NULL, 1),
(106, 'Subject ABC', 'Description for Subject ABC', '2025-06-01 07:51:00.513732+00', '2025-06-01 07:51:00.513764+00', NULL, 1),
(107, 'Subject DEF', 'Description for Subject DEF', '2025-06-01 07:51:00.518583+00', '2025-06-01 07:51:00.518601+00', NULL, 1),
(108, 'Subject ABC', 'Description for Subject ABC', '2025-06-01 07:51:00.524139+00', '2025-06-01 07:51:00.524159+00', NULL, 1),
(109, 'Subject DEF', 'Description for Subject DEF', '2025-06-01 07:51:00.529155+00', '2025-06-01 07:51:00.529175+00', NULL, 1),
(110, 'Subject ABC', 'Description for Subject ABC', '2025-06-01 07:51:00.533953+00', '2025-06-01 07:51:00.533972+00', NULL, 1),
(111, 'Subject DEF', 'Description for Subject DEF', '2025-06-01 07:51:00.538606+00', '2025-06-01 07:51:00.538624+00', NULL, 1),
(112, 'Subject ABC', 'Description for Subject ABC', '2025-06-01 07:51:00.543189+00', '2025-06-01 07:51:00.54321+00', NULL, 1),
(113, 'Subject DEF', 'Description for Subject DEF', '2025-06-01 07:51:00.547584+00', '2025-06-01 07:51:00.5476+00', NULL, 1),
(114, 'Subject DEF', 'Description for Subject DEF', '2025-06-01 07:51:00.552109+00', '2025-06-01 07:51:00.552125+00', NULL, 1),
(115, 'Subject ABC', 'Description for Subject ABC', '2025-06-01 07:51:00.556576+00', '2025-06-01 07:51:00.556595+00', NULL, 1),
(116, 'Subject DEF', 'Description for Subject DEF', '2025-06-01 07:51:00.560846+00', '2025-06-01 07:51:00.560861+00', NULL, 1),
(117, 'Subject ABC', 'Description for Subject ABC', '2025-06-01 07:51:00.564931+00', '2025-06-01 07:51:00.564946+00', NULL, 1),
(118, 'Subject DEF', 'Description for Subject DEF', '2025-06-01 07:51:00.569317+00', '2025-06-01 07:51:00.569334+00', NULL, 1),
(119, 'Subject ABC', 'Description for Subject ABC', '2025-06-01 07:51:00.57368+00', '2025-06-01 07:51:00.573697+00', NULL, 1),
(120, 'Subject DEF', 'Description for Subject DEF', '2025-06-01 07:51:00.579033+00', '2025-06-01 07:51:00.57905+00', NULL, 1),
(121, 'Subject ABC', 'Description for Subject ABC', '2025-06-01 07:51:00.584889+00', '2025-06-01 07:51:00.58491+00', NULL, 1),
(122, 'Subject DEF', 'Description for Subject DEF', '2025-06-01 07:51:00.590707+00', '2025-06-01 07:51:00.590728+00', NULL, 1),
(123, 'Subject ABC', 'Description for Subject ABC', '2025-06-01 07:51:00.595073+00', '2025-06-01 07:51:00.595088+00', NULL, 1),
(124, 'Subject DEF', 'Description for Subject DEF', '2025-06-01 07:51:00.600109+00', '2025-06-01 07:51:00.600126+00', NULL, 1),
(125, 'Subject ABC', 'Description for Subject ABC', '2025-06-01 07:51:00.604886+00', '2025-06-01 07:51:00.604904+00', NULL, 1),
(126, 'Subject DEF', 'Description for Subject DEF', '2025-06-01 07:51:00.610167+00', '2025-06-01 07:51:00.610186+00', NULL, 1),
(127, 'Subject ABC', 'Description for Subject ABC', '2025-06-01 07:51:00.61652+00', '2025-06-01 07:51:00.616542+00', NULL, 1),
(128, 'Subject DEF', 'Description for Subject DEF', '2025-06-01 07:51:00.624929+00', '2025-06-01 07:51:00.624957+00', NULL, 1),
(129, 'Subject ABC', 'Description for Subject ABC', '2025-06-01 07:51:00.630731+00', '2025-06-01 07:51:00.630758+00', NULL, 1),
(130, 'Subject DEF', 'Description for Subject DEF', '2025-06-01 07:51:00.635936+00', '2025-06-01 07:51:00.635959+00', NULL, 1),
(131, 'Subject ABC', 'Description for Subject ABC', '2025-06-01 07:51:00.640706+00', '2025-06-01 07:51:00.640726+00', NULL, 1),
(132, 'Subject DEF', 'Description for Subject DEF', '2025-06-01 07:51:00.645381+00', '2025-06-01 07:51:00.645399+00', NULL, 1),
(133, 'Subject ABC', 'Description for Subject ABC', '2025-06-01 07:51:00.649947+00', '2025-06-01 07:51:00.649962+00', NULL, 1),
(134, 'Subject DEF', 'Description for Subject DEF', '2025-06-01 07:51:00.65456+00', '2025-06-01 07:51:00.654574+00', NULL, 1),
(135, 'Subject ABC', 'Description for Subject ABC', '2025-06-01 07:51:00.659338+00', '2025-06-01 07:51:00.659353+00', NULL, 1),
(136, 'Subject DEF', 'Description for Subject DEF', '2025-06-01 07:51:00.664088+00', '2025-06-01 07:51:00.664101+00', NULL, 1),
(137, 'Subject ABC', 'Description for Subject ABC', '2025-06-01 07:51:00.66844+00', '2025-06-01 07:51:00.668454+00', NULL, 1),
(138, 'Subject DEF', 'Description for Subject DEF', '2025-06-01 07:51:00.6735+00', '2025-06-01 07:51:00.67352+00', NULL, 1),
(139, 'Subject ABC', 'Description for Subject ABC', '2025-06-01 07:51:00.677294+00', '2025-06-01 07:51:00.677311+00', NULL, 1),
(140, 'Subject DEF', 'Description for Subject DEF', '2025-06-01 07:51:00.681216+00', '2025-06-01 07:51:00.681235+00', NULL, 1),
(141, 'Subject ABC', 'Description for Subject ABC', '2025-06-01 07:51:00.685306+00', '2025-06-01 07:51:00.685329+00', NULL, 1),
(142, 'Subject DEF', 'Description for Subject DEF', '2025-06-01 07:51:00.690919+00', '2025-06-01 07:51:00.690948+00', NULL, 1),
(143, 'Subject ABC', 'Description for Subject ABC', '2025-06-01 07:51:00.695315+00', '2025-06-01 07:51:00.695332+00', NULL, 1),
(144, 'Subject DEF', 'Description for Subject DEF', '2025-06-01 07:51:00.700378+00', '2025-06-01 07:51:00.700395+00', NULL, 1),
(145, 'Subject ABC', 'Description for Subject ABC', '2025-06-01 07:51:00.707029+00', '2025-06-01 07:51:00.707053+00', NULL, 1),
(146, 'Subject DEF', 'Description for Subject DEF', '2025-06-01 07:51:00.712046+00', '2025-06-01 07:51:00.712061+00', NULL, 1),
(147, 'Subject ABC', 'Description for Subject ABC', '2025-06-01 07:51:00.731749+00', '2025-06-01 07:51:00.731839+00', NULL, 1),
(148, 'Subject DEF', 'Description for Subject DEF', '2025-06-01 07:51:00.735733+00', '2025-06-01 07:51:00.735753+00', NULL, 1),
(149, 'Subject ABC', 'Description for Subject ABC', '2025-06-01 07:51:00.741354+00', '2025-06-01 07:51:00.741377+00', NULL, 1),
(150, 'Subject DEF', 'Description for Subject DEF', '2025-06-01 07:51:00.749982+00', '2025-06-01 07:51:00.749998+00', NULL, 1),
(151, 'Subject ABC', 'Description for Subject ABC', '2025-06-01 07:51:00.754947+00', '2025-06-01 07:51:00.754959+00', NULL, 1),
(152, 'Subject DEF', 'Description for Subject DEF', '2025-06-01 07:51:00.758424+00', '2025-06-01 07:51:00.758433+00', NULL, 1),
(153, 'Subject ABC', 'Description for Subject ABC', '2025-06-01 07:51:00.777245+00', '2025-06-01 07:51:00.777271+00', NULL, 1),
(154, 'Subject DEF', 'Description for Subject DEF', '2025-06-01 07:51:00.791068+00', '2025-06-01 07:51:00.791092+00', NULL, 1),
(155, 'Subject ABC', 'Description for Subject ABC', '2025-06-01 07:51:00.809036+00', '2025-06-01 07:51:00.809061+00', NULL, 1),
(156, 'Subject DEF', 'Description for Subject DEF', '2025-06-01 07:51:00.841029+00', '2025-06-01 07:51:00.841053+00', NULL, 1),
(157, 'Subject ABC', 'Description for Subject ABC', '2025-06-01 07:51:00.852505+00', '2025-06-01 07:51:00.852529+00', NULL, 1),
(158, 'Subject DEF', 'Description for Subject DEF', '2025-06-01 07:51:00.855988+00', '2025-06-01 07:51:00.856003+00', NULL, 1),
(159, 'Subject ABC', 'Description for Subject ABC', '2025-06-01 07:51:00.859147+00', '2025-06-01 07:51:00.85916+00', NULL, 1),
(160, 'Subject DEF', 'Description for Subject DEF', '2025-06-01 07:51:00.861696+00', '2025-06-01 07:51:00.861722+00', NULL, 1),
(161, 'Subject ABC', 'Description for Subject ABC', '2025-06-01 07:51:00.864364+00', '2025-06-01 07:51:00.864384+00', NULL, 1),
(162, 'Subject DEF', 'Description for Subject DEF', '2025-06-01 07:51:00.866749+00', '2025-06-01 07:51:00.866761+00', NULL, 1),
(163, 'Subject ABC', 'Description for Subject ABC', '2025-06-01 07:51:00.869314+00', '2025-06-01 07:51:00.869324+00', NULL, 1),
(164, 'Subject DEF', 'Description for Subject DEF', '2025-06-01 07:51:00.872272+00', '2025-06-01 07:51:00.872284+00', NULL, 1),
(165, 'Subject ABC', 'Description for Subject ABC', '2025-06-01 07:51:00.875768+00', '2025-06-01 07:51:00.875779+00', NULL, 4),
(166, 'Subject DEF', 'Description for Subject DEF', '2025-06-01 07:51:00.879592+00', '2025-06-01 07:51:00.87961+00', NULL, 3),
(167, 'Subject ABC', 'Description for Subject ABC', '2025-06-01 07:51:00.88266+00', '2025-06-01 07:51:00.882676+00', NULL, 4),
(168, 'Subject DEF', 'Description for Subject DEF', '2025-06-01 07:51:00.885344+00', '2025-06-01 07:51:00.885362+00', NULL, 3),
(169, 'Subject ABC', 'Description for Subject ABC', '2025-06-01 07:51:00.888121+00', '2025-06-01 07:51:00.888134+00', NULL, 4),
(170, 'Subject DEF', 'Description for Subject DEF', '2025-06-01 07:51:00.890869+00', '2025-06-01 07:51:00.890884+00', NULL, 3),
(171, 'Subject ABC', 'Description for Subject ABC', '2025-06-01 07:51:00.893391+00', '2025-06-01 07:51:00.8934+00', NULL, 4),
(172, 'Subject DEF', 'Description for Subject DEF', '2025-06-01 07:51:00.895796+00', '2025-06-01 07:51:00.895808+00', NULL, 3),
(173, 'Subject ABC', 'Description for Subject ABC', '2025-06-01 07:51:00.899212+00', '2025-06-01 07:51:00.899228+00', NULL, 4),
(174, 'Subject DEF', 'Description for Subject DEF', '2025-06-01 07:51:00.901368+00', '2025-06-01 07:51:00.901376+00', NULL, 3),
(175, 'Subject ABC', 'Description for Subject ABC', '2025-06-01 07:51:00.90365+00', '2025-06-01 07:51:00.90366+00', NULL, 4),
(176, 'Subject DEF', 'Description for Subject DEF', '2025-06-01 07:51:00.907348+00', '2025-06-01 07:51:00.907359+00', NULL, 3),
(177, 'Subject ABC', 'Description for Subject ABC', '2025-06-01 07:51:00.910006+00', '2025-06-01 07:51:00.910021+00', NULL, 2),
(178, 'Subject DEF', 'Description for Subject DEF', '2025-06-01 07:51:00.912407+00', '2025-06-01 07:51:00.91242+00', NULL, 2),
(179, 'Subject ABC', 'Description for Subject ABC', '2025-06-01 07:51:00.915123+00', '2025-06-01 07:51:00.915137+00', NULL, 2),
(180, 'Subject DEF', 'Description for Subject DEF', '2025-06-01 07:51:00.917471+00', '2025-06-01 07:51:00.917483+00', NULL, 2),
(181, 'Subject ABC', 'Description for Subject ABC', '2025-06-01 07:51:00.919974+00', '2025-06-01 07:51:00.919987+00', NULL, 2),
(182, 'Subject DEF', 'Description for Subject DEF', '2025-06-01 07:51:00.922303+00', '2025-06-01 07:51:00.922313+00', NULL, 2),
(183, 'test create', 'create from frontend', '2025-06-01 07:51:00.92457+00', '2025-06-01 07:51:00.924583+00', NULL, 4),
(184, 'Social 101', 'Description for Social 101', '2025-06-01 07:53:40.828783+00', '2025-06-01 07:53:40.82882+00', NULL, 1),
(185, 'Social 101', 'Description for Social 101', '2025-06-01 07:53:40.836276+00', '2025-06-01 07:53:40.836295+00', NULL, 1),
(186, 'Social 102', 'Description for Social 101', '2025-06-01 07:53:40.841649+00', '2025-06-01 07:53:40.841672+00', NULL, 1),
(187, 'Social 102', 'Description for Social 101', '2025-06-01 07:53:40.846268+00', '2025-06-01 07:53:40.846284+00', NULL, 1),
(188, 'Subject ABC', 'Description for Subject ABC', '2025-06-01 07:53:40.850798+00', '2025-06-01 07:53:40.850831+00', NULL, 2),
(189, 'Subject DEF', 'Description for Subject DEF', '2025-06-01 07:53:40.857487+00', '2025-06-01 07:53:40.857511+00', NULL, 1),
(190, 'Subject ABC', 'Description for Subject ABC', '2025-06-01 07:53:40.863514+00', '2025-06-01 07:53:40.863534+00', NULL, 1),
(191, 'Subject DEF', 'Description for Subject DEF', '2025-06-01 07:53:40.868582+00', '2025-06-01 07:53:40.868605+00', NULL, 1),
(192, 'Subject ABC', 'Description for Subject ABC', '2025-06-01 07:53:40.87411+00', '2025-06-01 07:53:40.874134+00', NULL, 1),
(193, 'Subject ABC', 'Description for Subject ABC', '2025-06-01 07:53:40.880463+00', '2025-06-01 07:53:40.880487+00', NULL, 1),
(194, 'Subject DEF', 'Description for Subject DEF', '2025-06-01 07:53:40.887085+00', '2025-06-01 07:53:40.887108+00', NULL, 1),
(195, 'Subject ABC', 'Description for Subject ABC', '2025-06-01 07:53:40.893189+00', '2025-06-01 07:53:40.893216+00', NULL, 1),
(196, 'Subject DEF', 'Description for Subject DEF', '2025-06-01 07:53:40.902175+00', '2025-06-01 07:53:40.902191+00', NULL, 1),
(197, 'Subject ABC', 'Description for Subject ABC', '2025-06-01 07:53:40.905958+00', '2025-06-01 07:53:40.905968+00', NULL, 1),
(198, 'Subject DEF', 'Description for Subject DEF', '2025-06-01 07:53:40.909366+00', '2025-06-01 07:53:40.909376+00', NULL, 1),
(199, 'Subject ABC', 'Description for Subject ABC', '2025-06-01 07:53:40.912891+00', '2025-06-01 07:53:40.912898+00', NULL, 1),
(200, 'Subject DEF', 'Description for Subject DEF', '2025-06-01 07:53:40.916449+00', '2025-06-01 07:53:40.916456+00', NULL, 1),
(201, 'Subject DEF', 'Description for Subject DEF', '2025-06-01 07:53:40.91992+00', '2025-06-01 07:53:40.919928+00', NULL, 1),
(202, 'Subject ABC', 'Description for Subject ABC', '2025-06-01 07:53:40.924505+00', '2025-06-01 07:53:40.924511+00', NULL, 1),
(203, 'Subject DEF', 'Description for Subject DEF', '2025-06-01 07:53:40.927587+00', '2025-06-01 07:53:40.927595+00', NULL, 1),
(204, 'Subject ABC', 'Description for Subject ABC', '2025-06-01 07:53:40.930198+00', '2025-06-01 07:53:40.930204+00', NULL, 1),
(205, 'Subject DEF', 'Description for Subject DEF', '2025-06-01 07:53:40.93295+00', '2025-06-01 07:53:40.932957+00', NULL, 1),
(206, 'Subject ABC', 'Description for Subject ABC', '2025-06-01 07:53:40.936263+00', '2025-06-01 07:53:40.93627+00', NULL, 1),
(207, 'Subject DEF', 'Description for Subject DEF', '2025-06-01 07:53:40.938897+00', '2025-06-01 07:53:40.938904+00', NULL, 1),
(208, 'Subject ABC', 'Description for Subject ABC', '2025-06-01 07:53:40.941458+00', '2025-06-01 07:53:40.941464+00', NULL, 1),
(209, 'Subject DEF', 'Description for Subject DEF', '2025-06-01 07:53:40.944199+00', '2025-06-01 07:53:40.944205+00', NULL, 1),
(210, 'Subject ABC', 'Description for Subject ABC', '2025-06-01 07:53:40.946821+00', '2025-06-01 07:53:40.946827+00', NULL, 1),
(211, 'Subject DEF', 'Description for Subject DEF', '2025-06-01 07:53:40.949479+00', '2025-06-01 07:53:40.949487+00', NULL, 1),
(212, 'Subject ABC', 'Description for Subject ABC', '2025-06-01 07:53:40.953188+00', '2025-06-01 07:53:40.953195+00', NULL, 1),
(213, 'Subject DEF', 'Description for Subject DEF', '2025-06-01 07:53:40.956071+00', '2025-06-01 07:53:40.956078+00', NULL, 1),
(214, 'Subject ABC', 'Description for Subject ABC', '2025-06-01 07:53:40.959294+00', '2025-06-01 07:53:40.9593+00', NULL, 1),
(215, 'Subject DEF', 'Description for Subject DEF', '2025-06-01 07:53:40.962597+00', '2025-06-01 07:53:40.962604+00', NULL, 1),
(216, 'Subject ABC', 'Description for Subject ABC', '2025-06-01 07:53:40.965412+00', '2025-06-01 07:53:40.96542+00', NULL, 1),
(217, 'Subject DEF', 'Description for Subject DEF', '2025-06-01 07:53:40.968265+00', '2025-06-01 07:53:40.968273+00', NULL, 1),
(218, 'Subject ABC', 'Description for Subject ABC', '2025-06-01 07:53:40.9716+00', '2025-06-01 07:53:40.971608+00', NULL, 1),
(219, 'Subject DEF', 'Description for Subject DEF', '2025-06-01 07:53:40.974446+00', '2025-06-01 07:53:40.974454+00', NULL, 1),
(220, 'Subject ABC', 'Description for Subject ABC', '2025-06-01 07:53:40.977132+00', '2025-06-01 07:53:40.977139+00', NULL, 1),
(221, 'Subject DEF', 'Description for Subject DEF', '2025-06-01 07:53:40.979914+00', '2025-06-01 07:53:40.979921+00', NULL, 1),
(222, 'Subject ABC', 'Description for Subject ABC', '2025-06-01 07:53:40.983017+00', '2025-06-01 07:53:40.983024+00', NULL, 1),
(223, 'Subject DEF', 'Description for Subject DEF', '2025-06-01 07:53:40.985804+00', '2025-06-01 07:53:40.985812+00', NULL, 1),
(224, 'Subject ABC', 'Description for Subject ABC', '2025-06-01 07:53:40.988533+00', '2025-06-01 07:53:40.98854+00', NULL, 1),
(225, 'Subject DEF', 'Description for Subject DEF', '2025-06-01 07:53:40.991288+00', '2025-06-01 07:53:40.991295+00', NULL, 1),
(226, 'Subject ABC', 'Description for Subject ABC', '2025-06-01 07:53:40.993834+00', '2025-06-01 07:53:40.993841+00', NULL, 1),
(227, 'Subject DEF', 'Description for Subject DEF', '2025-06-01 07:53:40.996982+00', '2025-06-01 07:53:40.99699+00', NULL, 1),
(228, 'Subject ABC', 'Description for Subject ABC', '2025-06-01 07:53:41.000033+00', '2025-06-01 07:53:41.000043+00', NULL, 1),
(229, 'Subject DEF', 'Description for Subject DEF', '2025-06-01 07:53:41.002799+00', '2025-06-01 07:53:41.002807+00', NULL, 1),
(230, 'Subject ABC', 'Description for Subject ABC', '2025-06-01 07:53:41.006523+00', '2025-06-01 07:53:41.006531+00', NULL, 1),
(231, 'Subject DEF', 'Description for Subject DEF', '2025-06-01 07:53:41.009862+00', '2025-06-01 07:53:41.00987+00', NULL, 1),
(232, 'Subject ABC', 'Description for Subject ABC', '2025-06-01 07:53:41.013062+00', '2025-06-01 07:53:41.01307+00', NULL, 1),
(233, 'Subject DEF', 'Description for Subject DEF', '2025-06-01 07:53:41.017666+00', '2025-06-01 07:53:41.017675+00', NULL, 1),
(234, 'Subject ABC', 'Description for Subject ABC', '2025-06-01 07:53:41.022153+00', '2025-06-01 07:53:41.022162+00', NULL, 1),
(235, 'Subject DEF', 'Description for Subject DEF', '2025-06-01 07:53:41.025424+00', '2025-06-01 07:53:41.025433+00', NULL, 1),
(236, 'Subject ABC', 'Description for Subject ABC', '2025-06-01 07:53:41.02849+00', '2025-06-01 07:53:41.028499+00', NULL, 1),
(237, 'Subject DEF', 'Description for Subject DEF', '2025-06-01 07:53:41.031449+00', '2025-06-01 07:53:41.031457+00', NULL, 1),
(238, 'Subject ABC', 'Description for Subject ABC', '2025-06-01 07:53:41.034634+00', '2025-06-01 07:53:41.034643+00', NULL, 1),
(239, 'Subject DEF', 'Description for Subject DEF', '2025-06-01 07:53:41.037683+00', '2025-06-01 07:53:41.037693+00', NULL, 1),
(240, 'Subject ABC', 'Description for Subject ABC', '2025-06-01 07:53:41.040864+00', '2025-06-01 07:53:41.040874+00', NULL, 1),
(241, 'Subject DEF', 'Description for Subject DEF', '2025-06-01 07:53:41.044343+00', '2025-06-01 07:53:41.044353+00', NULL, 1),
(242, 'Subject ABC', 'Description for Subject ABC', '2025-06-01 07:53:41.048234+00', '2025-06-01 07:53:41.048243+00', NULL, 1),
(243, 'Subject DEF', 'Description for Subject DEF', '2025-06-01 07:53:41.054196+00', '2025-06-01 07:53:41.054219+00', NULL, 1),
(244, 'Subject ABC', 'Description for Subject ABC', '2025-06-01 07:53:41.060192+00', '2025-06-01 07:53:41.06022+00', NULL, 1),
(245, 'Subject DEF', 'Description for Subject DEF', '2025-06-01 07:53:41.065097+00', '2025-06-01 07:53:41.065122+00', NULL, 1),
(246, 'Subject ABC', 'Description for Subject ABC', '2025-06-01 07:53:41.071574+00', '2025-06-01 07:53:41.071603+00', NULL, 1),
(247, 'Subject DEF', 'Description for Subject DEF', '2025-06-01 07:53:41.076787+00', '2025-06-01 07:53:41.076812+00', NULL, 1),
(248, 'Subject ABC', 'Description for Subject ABC', '2025-06-01 07:53:41.082107+00', '2025-06-01 07:53:41.082135+00', NULL, 1),
(249, 'Subject DEF', 'Description for Subject DEF', '2025-06-01 07:53:41.087628+00', '2025-06-01 07:53:41.087653+00', NULL, 1),
(250, 'Subject ABC', 'Description for Subject ABC', '2025-06-01 07:53:41.092392+00', '2025-06-01 07:53:41.092418+00', NULL, 1),
(251, 'Subject DEF', 'Description for Subject DEF', '2025-06-01 07:53:41.096769+00', '2025-06-01 07:53:41.096791+00', NULL, 1),
(252, 'Subject ABC', 'Description for Subject ABC', '2025-06-01 07:53:41.101461+00', '2025-06-01 07:53:41.101487+00', NULL, 4),
(253, 'Subject DEF', 'Description for Subject DEF', '2025-06-01 07:53:41.108558+00', '2025-06-01 07:53:41.108591+00', NULL, 3),
(254, 'Subject ABC', 'Description for Subject ABC', '2025-06-01 07:53:41.113361+00', '2025-06-01 07:53:41.113377+00', NULL, 4),
(255, 'Subject DEF', 'Description for Subject DEF', '2025-06-01 07:53:41.116589+00', '2025-06-01 07:53:41.116611+00', NULL, 3),
(256, 'Subject ABC', 'Description for Subject ABC', '2025-06-01 07:53:41.119515+00', '2025-06-01 07:53:41.119524+00', NULL, 4),
(257, 'Subject DEF', 'Description for Subject DEF', '2025-06-01 07:53:41.122552+00', '2025-06-01 07:53:41.12256+00', NULL, 3),
(258, 'Subject ABC', 'Description for Subject ABC', '2025-06-01 07:53:41.126191+00', '2025-06-01 07:53:41.126198+00', NULL, 4),
(259, 'Subject DEF', 'Description for Subject DEF', '2025-06-01 07:53:41.129033+00', '2025-06-01 07:53:41.12904+00', NULL, 3),
(260, 'Subject ABC', 'Description for Subject ABC', '2025-06-01 07:53:41.131373+00', '2025-06-01 07:53:41.13138+00', NULL, 4),
(261, 'Subject DEF', 'Description for Subject DEF', '2025-06-01 07:53:41.133578+00', '2025-06-01 07:53:41.133584+00', NULL, 3),
(262, 'Subject ABC', 'Description for Subject ABC', '2025-06-01 07:53:41.135864+00', '2025-06-01 07:53:41.135869+00', NULL, 4),
(263, 'Subject DEF', 'Description for Subject DEF', '2025-06-01 07:53:41.13799+00', '2025-06-01 07:53:41.137995+00', NULL, 3),
(264, 'Subject ABC', 'Description for Subject ABC', '2025-06-01 07:53:41.140127+00', '2025-06-01 07:53:41.140132+00', NULL, 2),
(265, 'Subject DEF', 'Description for Subject DEF', '2025-06-01 07:53:41.142125+00', '2025-06-01 07:53:41.14213+00', NULL, 2),
(266, 'Subject ABC', 'Description for Subject ABC', '2025-06-01 07:53:41.144483+00', '2025-06-01 07:53:41.144488+00', NULL, 2),
(267, 'Subject DEF', 'Description for Subject DEF', '2025-06-01 07:53:41.148663+00', '2025-06-01 07:53:41.148669+00', NULL, 2),
(268, 'Subject ABC', 'Description for Subject ABC', '2025-06-01 07:53:41.152276+00', '2025-06-01 07:53:41.152283+00', NULL, 2),
(269, 'Subject DEF', 'Description for Subject DEF', '2025-06-01 07:53:41.154942+00', '2025-06-01 07:53:41.154969+00', NULL, 2),
(270, 'test create', 'create from frontend', '2025-06-01 07:53:41.158527+00', '2025-06-01 07:53:41.158533+00', NULL, 4);

INSERT INTO "public"."data_mapping_title_data_subject_types" ("id", "title_id", "datasubjecttype_id") VALUES
(1, 2, 2),
(3, 3, 2),
(4, 3, 3),
(5, 4, 1),
(6, 4, 3),
(7, 9, 1),
(8, 9, 3),
(9, 10, 3),
(10, 10, 4),
(11, 11, 2),
(12, 11, 3),
(13, 12, 3),
(14, 12, 4),
(15, 13, 2),
(16, 13, 3),
(17, 14, 3),
(19, 15, 2),
(20, 15, 3),
(21, 16, 3),
(22, 16, 4),
(23, 17, 2),
(24, 17, 3),
(25, 18, 3),
(26, 18, 4),
(27, 19, 2),
(28, 19, 3),
(29, 20, 3),
(30, 20, 4),
(31, 21, 2),
(32, 21, 3),
(33, 22, 3),
(34, 22, 4),
(35, 23, 2),
(36, 23, 3),
(37, 24, 3),
(38, 24, 4),
(39, 25, 2),
(40, 25, 3),
(41, 26, 3),
(42, 26, 4),
(43, 27, 2),
(44, 27, 3),
(45, 28, 3),
(46, 28, 4),
(47, 29, 2),
(48, 29, 3),
(49, 30, 3),
(50, 30, 4),
(51, 31, 2),
(52, 31, 3),
(53, 32, 3),
(54, 32, 4),
(55, 33, 2),
(56, 33, 3),
(57, 34, 3),
(58, 34, 4),
(59, 35, 2),
(60, 35, 3),
(61, 36, 3),
(62, 36, 4),
(63, 37, 2),
(64, 37, 3),
(65, 38, 3),
(66, 38, 4),
(67, 39, 2),
(68, 39, 3),
(69, 40, 3),
(70, 40, 4),
(71, 41, 2),
(72, 41, 3),
(73, 42, 3),
(74, 42, 4),
(75, 43, 2),
(76, 43, 3),
(77, 44, 3),
(78, 44, 4),
(79, 45, 2),
(80, 45, 3),
(81, 46, 3),
(82, 46, 4),
(83, 47, 2),
(84, 47, 3),
(85, 48, 3),
(86, 48, 4),
(87, 49, 2),
(88, 49, 3),
(89, 50, 3),
(90, 50, 4),
(91, 51, 2),
(92, 51, 3),
(93, 52, 3),
(94, 52, 4),
(95, 53, 2),
(96, 53, 3),
(97, 54, 3),
(98, 54, 4),
(99, 55, 2),
(100, 55, 3),
(101, 56, 3),
(102, 56, 4),
(103, 57, 2),
(104, 57, 3),
(105, 58, 3),
(106, 58, 4),
(107, 59, 2),
(108, 59, 3),
(109, 60, 3),
(110, 60, 4),
(111, 61, 2),
(112, 61, 3),
(113, 62, 3),
(114, 62, 4),
(115, 63, 2),
(116, 63, 3),
(117, 64, 3),
(118, 64, 4),
(119, 65, 2),
(120, 65, 3),
(121, 66, 3),
(122, 66, 4),
(123, 67, 2),
(124, 67, 3),
(125, 68, 3),
(126, 68, 4),
(127, 69, 2),
(128, 69, 3),
(129, 70, 3),
(130, 70, 4),
(131, 71, 2),
(132, 71, 3),
(133, 72, 3),
(134, 72, 4),
(135, 73, 2),
(136, 73, 3),
(137, 74, 3),
(138, 74, 4),
(139, 75, 2),
(140, 75, 3),
(141, 76, 3),
(142, 76, 4),
(143, 77, 2),
(144, 77, 3),
(145, 78, 3),
(146, 78, 4),
(148, 79, 2),
(149, 80, 3),
(150, 80, 4),
(151, 81, 1),
(152, 81, 2),
(153, 82, 3),
(154, 82, 4),
(155, 83, 1),
(156, 83, 2),
(157, 84, 3),
(158, 84, 4),
(159, 85, 1),
(160, 85, 2),
(161, 86, 3),
(162, 86, 4),
(163, 87, 1),
(164, 87, 2),
(165, 88, 3),
(166, 88, 4),
(167, 89, 1),
(168, 89, 2),
(169, 90, 3),
(170, 90, 4),
(171, 91, 1),
(172, 91, 2),
(173, 92, 3),
(174, 92, 4),
(175, 93, 1),
(176, 93, 2),
(178, 94, 1),
(179, 94, 2),
(180, 95, 1),
(181, 95, 2),
(182, 10, 1),
(183, 10, 2),
(184, 96, 2),
(185, 14, 1),
(186, 97, 2),
(187, 98, 2),
(188, 98, 3),
(189, 99, 1),
(190, 99, 3),
(191, 100, 1),
(192, 100, 3),
(193, 101, 1),
(194, 101, 2),
(195, 101, 3),
(196, 102, 2),
(197, 102, 3),
(198, 103, 3),
(199, 104, 2),
(200, 104, 3),
(201, 105, 1),
(202, 105, 3),
(203, 106, 3),
(204, 107, 2),
(205, 107, 3),
(206, 108, 3),
(207, 109, 2),
(208, 109, 3),
(209, 110, 3),
(210, 111, 2),
(211, 111, 3),
(212, 112, 3),
(213, 113, 2),
(214, 113, 3),
(215, 114, 2),
(216, 114, 3),
(217, 115, 3),
(218, 116, 2),
(219, 116, 3),
(220, 117, 3),
(221, 118, 2),
(222, 118, 3),
(223, 119, 3),
(224, 120, 2),
(225, 120, 3),
(226, 121, 3),
(227, 122, 2),
(228, 122, 3),
(229, 123, 3),
(230, 124, 2),
(231, 124, 3),
(232, 125, 3),
(233, 126, 2),
(234, 126, 3),
(235, 127, 3),
(236, 128, 2),
(237, 128, 3),
(238, 129, 3),
(239, 130, 2),
(240, 130, 3),
(241, 131, 3),
(242, 132, 2),
(243, 132, 3),
(244, 133, 3),
(245, 134, 2),
(246, 134, 3),
(247, 135, 3),
(248, 136, 2),
(249, 136, 3),
(250, 137, 3),
(251, 138, 2),
(252, 138, 3),
(253, 139, 3),
(254, 140, 2),
(255, 140, 3),
(256, 141, 3),
(257, 142, 2),
(258, 142, 3),
(259, 143, 3),
(260, 144, 2),
(261, 144, 3),
(262, 145, 3),
(263, 146, 2),
(264, 146, 3),
(265, 147, 3),
(266, 148, 2),
(267, 148, 3),
(268, 149, 3),
(269, 150, 2),
(270, 150, 3),
(271, 151, 3),
(272, 152, 2),
(273, 152, 3),
(274, 153, 3),
(275, 154, 2),
(276, 154, 3),
(277, 155, 3),
(278, 156, 2),
(279, 156, 3),
(280, 157, 3),
(281, 158, 2),
(282, 158, 3),
(283, 159, 3),
(284, 160, 2),
(285, 160, 3),
(286, 161, 3),
(287, 162, 2),
(288, 162, 3),
(289, 163, 3),
(290, 164, 2),
(291, 164, 3),
(292, 165, 3),
(293, 166, 2),
(294, 166, 3),
(295, 167, 3),
(296, 168, 2),
(297, 169, 3),
(298, 170, 1),
(299, 170, 2),
(300, 171, 3),
(301, 172, 1),
(302, 172, 2),
(303, 173, 3),
(304, 174, 1),
(305, 174, 2),
(306, 175, 3),
(307, 176, 1),
(308, 176, 2),
(309, 177, 3),
(310, 178, 1),
(311, 178, 2),
(312, 179, 3),
(313, 180, 1),
(314, 180, 2),
(315, 181, 3),
(316, 182, 1),
(317, 182, 2),
(318, 183, 1),
(319, 183, 2),
(320, 184, 2),
(321, 185, 2),
(322, 185, 3),
(323, 186, 1),
(324, 186, 3),
(325, 187, 1),
(326, 187, 3),
(327, 188, 1),
(328, 188, 2),
(329, 188, 3),
(330, 189, 2),
(331, 189, 3),
(332, 190, 3),
(333, 191, 2),
(334, 191, 3),
(335, 192, 1),
(336, 192, 3),
(337, 193, 3),
(338, 194, 2),
(339, 194, 3),
(340, 195, 3),
(341, 196, 2),
(342, 196, 3),
(343, 197, 3),
(344, 198, 2),
(345, 198, 3),
(346, 199, 3),
(347, 200, 2),
(348, 200, 3),
(349, 201, 2),
(350, 201, 3),
(351, 202, 3),
(352, 203, 2),
(353, 203, 3),
(354, 204, 3),
(355, 205, 2),
(356, 205, 3),
(357, 206, 3),
(358, 207, 2),
(359, 207, 3),
(360, 208, 3),
(361, 209, 2),
(362, 209, 3),
(363, 210, 3),
(364, 211, 2),
(365, 211, 3),
(366, 212, 3),
(367, 213, 2),
(368, 213, 3),
(369, 214, 3),
(370, 215, 2),
(371, 215, 3),
(372, 216, 3),
(373, 217, 2),
(374, 217, 3),
(375, 218, 3),
(376, 219, 2),
(377, 219, 3),
(378, 220, 3),
(379, 221, 2),
(380, 221, 3),
(381, 222, 3),
(382, 223, 2),
(383, 223, 3),
(384, 224, 3),
(385, 225, 2),
(386, 225, 3),
(387, 226, 3),
(388, 227, 2),
(389, 227, 3),
(390, 228, 3),
(391, 229, 2),
(392, 229, 3),
(393, 230, 3),
(394, 231, 2),
(395, 231, 3),
(396, 232, 3),
(397, 233, 2),
(398, 233, 3),
(399, 234, 3),
(400, 235, 2),
(401, 235, 3),
(402, 236, 3),
(403, 237, 2),
(404, 237, 3),
(405, 238, 3),
(406, 239, 2),
(407, 239, 3),
(408, 240, 3),
(409, 241, 2),
(410, 241, 3),
(411, 242, 3),
(412, 243, 2),
(413, 243, 3),
(414, 244, 3),
(415, 245, 2),
(416, 245, 3),
(417, 246, 3),
(418, 247, 2),
(419, 247, 3),
(420, 248, 3),
(421, 249, 2),
(422, 249, 3),
(423, 250, 3),
(424, 251, 2),
(425, 251, 3),
(426, 252, 3),
(427, 253, 2),
(428, 253, 3),
(429, 254, 3),
(430, 255, 2),
(431, 256, 3),
(432, 257, 1),
(433, 257, 2),
(434, 258, 3),
(435, 259, 1),
(436, 259, 2),
(437, 260, 3),
(438, 261, 1),
(439, 261, 2),
(440, 262, 3),
(441, 263, 1),
(442, 263, 2),
(443, 264, 3),
(444, 265, 1),
(445, 265, 2),
(446, 266, 3),
(447, 267, 1),
(448, 267, 2),
(449, 268, 3),
(450, 269, 1),
(451, 269, 2),
(452, 270, 1),
(453, 270, 2);

